<?xml version="1.0" encoding="utf-8"?>
 <!DOCTYPE hibernate-configuration SYSTEM "http://www.hibernate.org/dtd/hibernate-configuration-4.0.xsd">
<hibernate-configuration>
	<session-factory>
	<!--  Connection Properties -->
		<property name="connection.driver_class">org.hsqldb.jdbcDriver</property>
		<property name="connection.username">SA</property>
		<property name="connection.password"></property>
		<property name="connection.url">jdbc:hsqldb:hsql://localhost/</property>
	<!--  Dialect  -->	
		<property name="dialect">org.hibernate.dialect.HSQLDialect</property>
		<property name="hbm2ddl.auto">update</property>
		<property name="show_sql">true</property>
		<property name="format_sql">false</property>
		
		<property name="jdbc.batch_size">20</property>
		<property name="cache.use_second_level_cache">true</property>
		<property name="cache.use_query_cache">true</property>
		<property name="hibernate.cache.region.factory_class">org.hibernate.cache.ehcache.EhCacheRegionFactory</property>
		
		<property name="connection.pool_size">5</property>
		
		<mapping class="demo.Share"></mapping>
		
	</session-factory>
</hibernate-configuration>